{
    "experiment_name": "Hybrid Training by PHU TAI - 2026-04-25 17:46",
    "model_type": "hybrid",
    "model_name": "vinai/phobert-base",
    "num_labels": 16,
    "dropout_rate": 0.3,
    "lstm_hidden_size": 256,
    "learning_rate": 1e-05,
    "batch_size": 16,
    "num_epochs": 5,
    "max_length": 256,
    "random_seed": 42,
    "best_epoch": 5,
    "best_val_loss": 1.258345365524292,
    "train_loss": 1.1325491666793823,
    "val_loss": 1.258345365524292,
    "micro_f1": 0.13636363636363635,
    "macro_f1": 0.062121212121212126
}